{"cameraMode":{"drawMode":0,"name":"Shaded","section":"Shading Mode"},"sceneLighting":true,"audioPlay":false,"sceneViewState":{"m_AlwaysRefresh":false,"showFog":true,"showSkybox":true,"showFlares":true,"showImageEffects":true,"showParticleSystems":true,"showVisualEffectGraphs":true,"m_FxEnabled":true},"in2DMode":false,"pivot":{"x":1.8896665573120118,"y":-3.2769112586975099,"z":11.946427345275879},"rotation":{"x":0.07710476219654083,"y":-0.869236409664154,"z":0.4679069519042969,"w":0.14322850108146668},"size":13.849206924438477,"orthographic":false}