{"cameraMode":{"drawMode":0,"name":"Shaded","section":"Shading Mode"},"sceneLighting":true,"audioPlay":false,"sceneViewState":{"m_AlwaysRefresh":false,"showFog":true,"showSkybox":true,"showFlares":true,"showImageEffects":true,"showParticleSystems":true,"showVisualEffectGraphs":true,"m_FxEnabled":true},"in2DMode":false,"pivot":{"x":5.080112457275391,"y":-20.638301849365236,"z":-2.1575849056243898},"rotation":{"x":-0.02043141797184944,"y":0.8766050338745117,"z":-0.48039668798446658,"w":-0.0376521572470665},"size":18.797826766967775,"orthographic":false}