{"cameraMode":{"drawMode":0,"name":"Shaded","section":"Shading Mode"},"sceneLighting":true,"audioPlay":false,"sceneViewState":{"m_AlwaysRefresh":false,"showFog":true,"showSkybox":true,"showFlares":true,"showImageEffects":true,"showParticleSystems":true,"showVisualEffectGraphs":true,"m_FxEnabled":true},"in2DMode":false,"pivot":{"x":-6.216254234313965,"y":-0.9712848663330078,"z":-1.2586288452148438},"rotation":{"x":0.34525373578071597,"y":-0.037999141961336139,"z":0.01399118360131979,"w":0.9376388788223267},"size":17.721960067749025,"orthographic":false}