{"cameraMode":{"drawMode":0,"name":"Shaded","section":"Shading Mode"},"sceneLighting":true,"audioPlay":false,"sceneViewState":{"m_AlwaysRefresh":false,"showFog":true,"showSkybox":true,"showFlares":true,"showImageEffects":true,"showParticleSystems":true,"showVisualEffectGraphs":true,"m_FxEnabled":true},"in2DMode":false,"pivot":{"x":40.394264221191409,"y":-1.085553765296936,"z":21.242183685302736},"rotation":{"x":-0.03264029324054718,"y":-0.5971947312355042,"z":0.024518275633454324,"w":-0.8016743063926697},"size":19.843833923339845,"orthographic":false}