{"cameraMode":{"drawMode":0,"name":"Shaded","section":"Shading Mode"},"sceneLighting":true,"audioPlay":false,"sceneViewState":{"m_AlwaysRefresh":false,"showFog":true,"showSkybox":true,"showFlares":true,"showImageEffects":true,"showParticleSystems":true,"showVisualEffectGraphs":true,"m_FxEnabled":true},"in2DMode":false,"pivot":{"x":1.1104068756103516,"y":-1.0754133462905884,"z":-8.724920272827149},"rotation":{"x":0.061106741428375247,"y":-0.925291895866394,"z":0.17498551309108735,"w":0.33257317543029787},"size":13.136714935302735,"orthographic":false}